Charley,Trew,653245896,ctrew0@yolasite.com,28
Jewelle,Laver,653245897,jlaver1@edublogs.org,8
Korey,Pigney,653245898,kpigney2@mtv.com,6
Gretta,Papaccio,653245899,gpapaccio3@tinyurl.com,33
Carolina,McPike,653245900,cmcpike4@geocities.jp,49
Bobbee,Bradwell,653245901,bbradwell5@irs.gov,25
Hamel,Girton,653245902,hgirton6@meetup.com,39
Jasmine,Prowting,653245903,jprowting7@rakuten.co.jp,4
Junina,Copins,653245904,jcopins8@imdb.com,12
Nicole,Rydzynski,653245905,nrydzynski9@hao123.com,49
Nicole,Hincham,653245906,nhinchama@dailymotion.com,14
Ariela,Bertholin,653245907,abertholinb@opera.com,31
Xenia,Pietruschka,653245908,xpietruschkac@example.com,7
Josh,Scurry,653245909,jscurryd@fotki.com,22
Fulvia,Oolahan,653245910,foolahane@mac.com,40
Kari,Bolderson,653245911,kboldersonf@digg.com,28
Raul,Reneke,653245912,rrenekeg@utexas.edu,27
Ashley,Bough,653245913,aboughh@lycos.com,7
Willa,Daingerfield,653245914,wdaingerfieldi@google.co.uk,29
Seline,Mc Caughen,653245915,smccaughenj@bloglovin.com,18
Geno,Goold,653245916,ggooldk@ibm.com,8
Mattie,Eltune,653245917,meltunel@pinterest.com,48
Jaquelin,Bedow,653245918,jbedowm@archive.org,42
Christi,Lippi,653245919,clippin@prlog.org,13
Isa,Partleton,653245920,ipartletono@edublogs.org,30
Herculie,Feltoe,653245921,hfeltoep@zdnet.com,27
Barby,Grise,653245922,bgriseq@rediff.com,35
Mallorie,Goscomb,653245923,mgoscombr@google.fr,3
Mohandas,Grishakin,653245924,mgrishakins@zdnet.com,29
Bevin,Medcalfe,653245925,bmedcalfet@imgur.com,19
Mallissa,Picknett,653245926,mpicknettu@ucla.edu,45
Page,Pleager,653245927,ppleagerv@google.it,12
Friederike,Wittey,653245928,fwitteyw@i2i.jp,44
Kimbell,MacGuiness,653245929,kmacguinessx@typepad.com,9
Dosi,Rowe,653245930,drowey@icio.us,26
Kile,Roelvink,653245931,kroelvinkz@list-manage.com,17
Annecorinne,Astman,653245932,aastman10@rediff.com,45
Kip,Petegre,653245933,kpetegre11@yellowbook.com,13
Mikkel,Tomsett,653245934,mtomsett12@wired.com,50
Jeniece,Mara,653245935,jmara13@accuweather.com,1
Marje,Gorham,653245936,mgorham14@slate.com,22
Dewey,Lasselle,653245937,dlasselle15@storify.com,32
Julie,Bugdall,653245938,jbugdall16@godaddy.com,5
Karlis,Searchwell,653245939,ksearchwell17@intel.com,30
Jenn,Kerry,653245940,jkerry18@lulu.com,47
Raynor,Gallyhaock,653245941,rgallyhaock19@cisco.com,19
Brook,Sloley,653245942,bsloley1a@desdev.cn,2
Louisette,Avieson,653245943,lavieson1b@tripod.com,30
Dwight,Brocket,653245944,dbrocket1c@hp.com,23
Sig,Gresham,653245945,sgresham1d@deliciousdays.com,21
Lorilyn,McFade,653245946,lmcfade1e@mail.ru,15
Lisabeth,Lorden,653245947,llorden1f@dropbox.com,6
Bryan,Yitzowitz,653245948,byitzowitz1g@japanpost.jp,21
Jeth,Schoenrock,653245949,jschoenrock1h@cargocollective.com,14
Norine,Moller,653245950,nmoller1i@paginegialle.it,40
Davidde,Jennison,653245951,djennison1j@webs.com,16
Blythe,Glennon,653245952,bglennon1k@amazon.de,48
Eulalie,D'Onisi,653245953,edonisi1l@wufoo.com,5
Creigh,Aukland,653245954,caukland1m@gravatar.com,9
Marsh,Warham,653245955,mwarham1n@1und1.de,12
Scottie,Mattielli,653245956,smattielli1o@chronoengine.com,28
Chariot,Jerdon,653245957,cjerdon1p@homestead.com,34
Frederick,Rickardsson,653245958,frickardsson1q@artisteer.com,19
Hilliard,Demer,653245959,hdemer1r@mapy.cz,18
Mallory,Aleavy,653245960,maleavy1s@sciencedaily.com,27
Bea,Mullinger,653245961,bmullinger1t@businesswire.com,43
Valerie,Scotchforth,653245962,vscotchforth1u@forbes.com,25
Lissie,Hubeaux,653245963,lhubeaux1v@twitter.com,39
Chicky,Andrat,653245964,candrat1w@skyrock.com,11
Ina,Mawer,653245965,imawer1x@i2i.jp,34
Kelsy,Rabson,653245966,krabson1y@uol.com.br,29
Cordie,Heaviside,653245967,cheaviside1z@jugem.jp,19
Isac,Mighele,653245968,imighele20@paginegialle.it,12
Alta,Stanex,653245969,astanex21@bloomberg.com,12
Guglielma,Shand,653245970,gshand22@behance.net,46
Laurent,Ewer,653245971,lewer23@buzzfeed.com,40
Reidar,Flute,653245972,rflute24@shutterfly.com,9
Bernete,Caskie,653245973,bcaskie25@squidoo.com,49
Federico,Morffew,653245974,fmorffew26@netvibes.com,10
Esma,Riding,653245975,eriding27@google.nl,18
Granger,Greyes,653245976,ggreyes28@nifty.com,50
Melesa,Derby,653245977,mderby29@pbs.org,21
Micky,Gueinn,653245978,mgueinn2a@msn.com,43
Joe,Darrach,653245979,jdarrach2b@tripod.com,45
Devora,Totterdill,653245980,dtotterdill2c@huffingtonpost.com,16
Buddy,Vannuccini,653245981,bvannuccini2d@blogs.com,45
Fidole,Silverson,653245982,fsilverson2e@hp.com,43
Velma,Christmas,653245983,vchristmas2f@hubpages.com,41
Camilla,Scrimshire,653245984,cscrimshire2g@jiathis.com,21
Elysia,Fellnee,653245985,efellnee2h@boston.com,14
Bartholemy,Jackways,653245986,bjackways2i@jugem.jp,13
Gizela,Levens,653245987,glevens2j@creativecommons.org,14
Nariko,Dencs,653245988,ndencs2k@google.com.hk,18
Bryn,Duding,653245989,bduding2l@comsenz.com,36
Aeriela,Oats,653245990,aoats2m@discuz.net,45
Brear,Beetles,653245991,bbeetles2n@barnesandnoble.com,12
Annamarie,Stapforth,653245992,astapforth2o@unblog.fr,17
Shaylyn,Isakovic,653245993,sisakovic2p@psu.edu,47
Elissa,Wetherell,653245994,ewetherell2q@miitbeian.gov.cn,42
